{
    "avg_prec": 0.5381998206475336,
    "roc_auc": 0.9655114279007235
}